,precision,recall,f1-score,support
0,0.9507389162561576,0.9414634146341463,0.9460784313725491,1230.0
1,0.907928388746803,0.922077922077922,0.9149484536082474,770.0
accuracy,0.934,0.934,0.934,0.934
macro avg,0.9293336525014804,0.9317706683560342,0.9305134424903982,2000.0
weighted avg,0.9342568631650561,0.934,0.9340933899332928,2000.0
